learning_time,query_time,n_nodes,n_edges,avg_degree,max_edge_len,success,path_length,n_ct_nodes
21.7714258,177.86057469999997,6128,20544.0,6.704960835509138,0.1,1,7.480706863767878,25
