learning_time,query_time,n_nodes,n_edges,avg_degree,max_edge_len,success,path_length,n_ct_nodes
5.271384000000001,10.024838299999999,1532,5136.0,6.704960835509138,0.1,1,1.870176715941969,7
