learning_time,query_time,n_nodes,n_edges,avg_degree,max_edge_len,success,path_length,n_ct_nodes
60.720482800000006,126.31689749999998,4596,15408.0,6.704960835509138,0.1,1,2.3181778161766253,25
