learning_time,query_time,n_nodes,n_edges,avg_degree,max_edge_len,success,path_length,n_ct_nodes
55.423400699999995,417.44160220000003,4596,15408.0,6.704960835509138,0.1,1,2.309228662237739,73
