learning_time,query_time,n_nodes,n_edges,avg_degree,max_edge_len,success,path_length
45.620345900000004,52.786821500000016,4596,15408.0,6.704960835509138,0.1,1,2.393840465900621
