learning_time,query_time,n_nodes,n_edges,avg_degree,max_edge_len,success,path_length
15.2308408,5.043584800000001,1532,5136.0,6.704960835509138,0.1,1,0.8637493184932955
