learning_time,query_time,n_nodes,n_edges,avg_degree,max_edge_len,success,path_length
10.700837500000002,37.8571884,3064,10272.0,6.704960835509138,0.1,1,3.507266569522219
