learning_time,query_time,n_nodes,n_edges,avg_degree,max_edge_len,success,path_length
50.98266090000001,56.94683939999999,5362,17976.0,6.704960835509138,0.1,1,2.711998413821801
